{
  "redmond downtown": [
    -122.12153,
    47.673904
  ],
  "seattle athletic club (bellevue)": [
    -122.326795,
    47.61593
  ],
  "western ave, seattle": [
    -122.344544,
    47.611056
  ],
  "pike street, seattle": [
    -122.333722,
    47.611468
  ],
  "sofi (pike street office), seattle": [
    -122.333722,
    47.611468
  ],
  "seattle athletic club (downtown)": [
    -122.20017,
    47.613846
  ],
  "sofi engineering office on pike street": [
    -122.333722,
    47.611468
  ],
  "caffe vita (pike street)": [
    -122.333722,
    47.611468
  ],
  "tilikum place cafe": [
    -122.341813,
    47.609436
  ],
  "safeway (redmond)": [
    -122.131836,
    47.673655
  ],
  "pike street (seattle)": [
    -122.333722,
    47.611468
  ],
  "sofi office on pike street": [
    -122.333722,
    47.611468
  ],
  "sofi (pike street), seattle": [
    -122.333722,
    47.611468
  ],
  "sodo park, seattle": [
    -122.317604,
    47.529778
  ],
  "waterfront park, seattle": [
    -122.333722,
    47.611468
  ],
  "western avenue, seattle": [
    -122.344544,
    47.611056
  ],
  "seattle athletic club (downtown seattle)": [
    -122.326763,
    47.595332
  ],
  "safeway (redmond ridge), redmond": [
    -122.0326,
    47.687195
  ],
  "whole foods market (roosevelt), seattle": [
    -122.31738,
    47.675827
  ],
  "whole foods market (redmond)": [
    -122.209564,
    47.680397
  ],
  "sodo park (seattle)": [
    -122.317604,
    47.529778
  ],
  "whole foods market (roosevelt)": [
    -122.31738,
    47.675827
  ],
  "the 5 point cafe (belltown), seattle": [
    -122.356749,
    47.618596
  ],
  "downtown park (redmond)": [
    -122.12153,
    47.673904
  ],
  "tilikum place cafe (belltown, seattle)": [
    -122.34435,
    47.613262
  ],
  "sofi (pike street, seattle)": [
    -122.333722,
    47.611468
  ],
  "cvs pharmacy (redmond)": [
    -122.131836,
    47.673655
  ],
  "qfc (belltown), seattle": [
    -122.34435,
    47.613262
  ],
  "sofi (downtown seattle)": [
    -122.33449,
    47.604458
  ],
  "western avenue apartments (first hill), seattle": [
    -122.344544,
    47.611056
  ],
  "tilikum place cafe (redmond)": [
    -122.121527,
    47.673904
  ],
  "pike street office building (downtown seattle), seattle": [
    -122.335838,
    47.611945
  ],
  "tilikum place cafe (redmond), redmond": [
    -122.09285,
    47.70039
  ],
  "seattle athletic club (downtown seattle), seattle": [
    -122.33449,
    47.604458
  ],
  "qfc (redmond ridge)": [
    -122.0326,
    47.687195
  ],
  "paseo (bellevue)": [
    -122.326795,
    47.61593
  ],
  "sofi engineering (pike street), seattle": [
    -122.333722,
    47.611468
  ],
  "the london plane (downtown seattle), seattle": [
    -122.33449,
    47.604458
  ],
  "mod pizza (redmond)": [
    -122.131836,
    47.673655
  ],
  "qfc (redmond)": [
    -122.121527,
    47.673904
  ],
  "sofi office (downtown seattle)": [
    -122.20017,
    47.613846
  ],
  "renton, wa": [
    -122.205452,
    47.479682
  ],
  "turner construction site (bellevue)": [
    -122.326795,
    47.61593
  ],
  "subway (bellevue downtown)": [
    -122.20017,
    47.613846
  ],
  "columbia city, seattle": [
    -122.28506,
    47.55785
  ],
  "qfc (columbia city)": [
    -122.28506,
    47.55785
  ],
  "mercer island, wa": [
    -122.227149,
    47.575693
  ],
  "mercer island park (mercer island)": [
    -122.222145,
    47.54206
  ],
  "windermere (bellevue)": [
    -122.26214,
    47.66994
  ],
  "the herbfarm restaurant (wilsonville, or)": [
    -122.353729,
    47.631514
  ],
  "u-district, seattle": [
    -122.330286,
    47.603243
  ],
  "u-district commons (u-district, seattle)": [
    -122.330286,
    47.603243
  ],
  "the ave (u-district, seattle)": [
    -122.313126,
    47.661458
  ],
  "amazon hq (downtown seattle)": [
    -122.33449,
    47.604458
  ],
  "caffeine sanctuary (columbia city, seattle)": [
    -122.28506,
    47.55785
  ],
  "safeway (columbia city, seattle)": [
    -122.28506,
    47.55785
  ],
  "espresso vivace (u-district, seattle)": [
    -122.330286,
    47.603243
  ],
  "taneda ramen (u-district, seattle)": [
    -122.330286,
    47.603243
  ],
  "fuel coffee (columbia city, seattle)": [
    -122.28506,
    47.55785
  ],
  "windermere real estate office (bellevue)": [
    -122.26214,
    47.66994
  ],
  "open house listing (medina)": [
    -122.228764,
    47.634209
  ],
  "safeway (renton)": [
    -122.296605,
    47.572434
  ],
  "windermere real estate (bellevue)": [
    -122.26214,
    47.66994
  ],
  "cafe solstice (columbia city, seattle)": [
    -122.28506,
    47.55785
  ],
  "qfc (columbia city, seattle)": [
    -122.28506,
    47.55785
  ],
  "solstice wood fired pizza (u-district, seattle)": [
    -122.330286,
    47.603243
  ],
  "duthie hill climb / ima court (u-district, seattle)": [
    -122.329684,
    47.618096
  ],
  "gene's family restaurant (renton)": [
    -122.296605,
    47.572434
  ],
  "gene coulon beach park (renton)": [
    -122.205452,
    47.479682
  ],
  "bellevue, wa": [
    -122.200173,
    47.613846
  ],
  "bellevue (bellevue)": [
    -122.201755,
    47.615293
  ],
  "redmond, wa": [
    -122.121527,
    47.673904
  ],
  "the herbfarm restaurant (woodinville/redmond area)": [
    -122.121527,
    47.673904
  ],
  "windermere bellevue office (bellevue)": [
    -122.201759,
    47.615456
  ],
  "starbucks (magnolia)": [
    -122.374119,
    47.632029
  ],
  "bellevue downtown (bellevue)": [
    -122.201755,
    47.615293
  ],
  "the herbfarm (bellevue)": [
    -122.326795,
    47.61593
  ],
  "redmond (redmond)": [
    -122.0326,
    47.687195
  ],
  "maple leaf, seattle": [
    -122.32304,
    47.693134
  ],
  "greenwood park (maple leaf, seattle)": [
    -122.32304,
    47.693134
  ],
  "whole foods market (maple leaf, seattle)": [
    -122.32304,
    47.693134
  ],
  "maple leaf park (maple leaf, seattle)": [
    -122.317604,
    47.529778
  ],
  "whole foods market (greenwood, seattle)": [
    -122.35529,
    47.6906
  ],
  "greenwood park (greenwood, seattle)": [
    -122.35529,
    47.6906
  ],
  "maple leaf park (maple leaf)": [
    -122.317604,
    47.529778
  ],
  "greenwood park (greenwood)": [
    -122.355425,
    47.700922
  ],
  "solstice wood fire pizza (maple leaf, seattle)": [
    -122.330286,
    47.603243
  ],
  "whole foods market (greenwood)": [
    -122.35529,
    47.6906
  ],
  "downtown seattle": [
    -122.33449,
    47.604458
  ],
  "sofi headquarters (downtown seattle)": [
    -122.20017,
    47.613846
  ],
  "safeway (magnolia)": [
    -122.374119,
    47.632029
  ],
  "belltown sports bar (downtown seattle)": [
    -122.33449,
    47.604458
  ],
  "matt's in the market (downtown seattle)": [
    -122.33449,
    47.604458
  ],
  "mel's diner (bellevue)": [
    -122.326795,
    47.61593
  ],
  "jimmy john's (bellevue)": [
    -122.326795,
    47.61593
  ],
  "brouwer's café (downtown seattle)": [
    -122.33449,
    47.604458
  ],
  "uw intramural athletic complex (u-district, seattle)": [
    -122.330286,
    47.603243
  ],
  "mercer island perimeter trail (mercer island)": [
    -122.222145,
    47.54206
  ],
  "medina waterfront open house (medina)": [
    -122.228012,
    47.621034
  ],
  "the alibi room (downtown seattle)": [
    -122.33449,
    47.604458
  ],
  "qfc (magnolia, seattle)": [
    -122.39825,
    47.64684
  ],
  "turner construction bellevue site (bellevue)": [
    -122.200173,
    47.613846
  ],
  "mercer island park loop (mercer island)": [
    -122.222145,
    47.54206
  ],
  "ascend (bellevue)": [
    -122.326795,
    47.61593
  ],
  "medina waterfront property (medina)": [
    -122.228764,
    47.634209
  ],
  "allen library (u-district, seattle)": [
    -122.330286,
    47.603243
  ],
  "ima - intramural activities building (u-district, seattle)": [
    -122.330286,
    47.603243
  ],
  "u-district (seattle)": [
    -122.330286,
    47.603243
  ],