{
  "redmond downtown": [
    -122.12153,
    47.673904
  ],
  "seattle athletic club (bellevue)": [
    -122.326795,
    47.61593
  ],
  "western ave, seattle": [
    -122.344544,
    47.611056
  ],
  "pike street, seattle": [
    -122.333722,
    47.611468
  ],
  "sofi (pike street office), seattle": [
    -122.333722,
    47.611468
  ],
  "seattle athletic club (downtown)": [
    -122.20017,
    47.613846
  ],
  "sofi engineering office on pike street": [
    -122.333722,
    47.611468
  ],
  "caffe vita (pike street)": [
    -122.333722,
    47.611468
  ],
  "tilikum place cafe": [
    -122.341813,
    47.609436
  ],
  "safeway (redmond)": [
    -122.131836,
    47.673655
  ],
  "pike street (seattle)": [
    -122.333722,
    47.611468
  ],
  "sofi office on pike street": [
    -122.333722,
    47.611468
  ],
  "sofi (pike street), seattle": [
    -122.333722,
    47.611468
  ],
  "sodo park, seattle": [
    -122.317604,
    47.529778
  ],
  "waterfront park, seattle": [
    -122.333722,
    47.611468
  ],
  "western avenue, seattle": [
    -122.344544,
    47.611056
  ],
  "seattle athletic club (downtown seattle)": [
    -122.326763,
    47.595332
  ],
  "safeway (redmond ridge), redmond": [
    -122.0326,
    47.687195
  ],
  "whole foods market (roosevelt), seattle": [
    -122.31738,
    47.675827
  ],
  "whole foods market (redmond)": [
    -122.209564,
    47.680397
  ],
  "sodo park (seattle)": [
    -122.317604,
    47.529778
  ],
  "whole foods market (roosevelt)": [
    -122.31738,
    47.675827
  ],
  "the 5 point cafe (belltown), seattle": [
    -122.356749,
    47.618596
  ],
  "downtown park (redmond)": [
    -122.12153,
    47.673904
  ],
  "tilikum place cafe (belltown, seattle)": [
    -122.34435,
    47.613262
  ],
  "sofi (pike street, seattle)": [
    -122.333722,
    47.611468
  ],
  "cvs pharmacy (redmond)": [
    -122.131836,
    47.673655
  ],
  "qfc (belltown), seattle": [
    -122.34435,
    47.613262
  ],
  "sofi (downtown seattle)": [
    -122.33449,
    47.604458
  ],
  "western avenue apartments (first hill), seattle": [
    -122.344544,
    47.611056
  ],
  "tilikum place cafe (redmond)": [
    -122.121527,
    47.673904
  ],
  "pike street office building (downtown seattle), seattle": [
    -122.335838,
    47.611945
  ],
  "tilikum place cafe (redmond), redmond": [
    -122.09285,
    47.70039
  ],
  "seattle athletic club (downtown seattle), seattle": [
    -122.33449,
    47.604458
  ],
  "qfc (redmond ridge)": [
    -122.0326,
    47.687195
  ],
  "paseo (bellevue)": [
    -122.326795,
    47.61593
  ],
  "sofi engineering (pike street), seattle": [
    -122.333722,
    47.611468
  ],
  "the london plane (downtown seattle), seattle": [
    -122.33449,
    47.604458
  ],
  "mod pizza (redmond)": [
    -122.131836,
    47.673655
  ],
  "qfc (redmond)": [
    -122.121527,
    47.673904
  ]
}